variable,count,mean,std,min,25%,50%,75%,max,original
dummy1,1000.0,0.0005214350220923503,0.010489647537303689,-0.0333807332619926,-0.006870632221561425,0.00049265932473825,0.007610323654737275,0.0321241764678745,0.0015228048955933
dummy2,1000.0,-0.00017951834352929974,0.010814774246102188,-0.0335311439793564,-0.007623591158094125,-0.0003872030766025,0.007421884892582199,0.033916655218056,0.0081921598201955
x1,1000.0,-0.031598842384985476,2.993327431126664,-8.317183443104334,-2.0467912444381735,-0.1332273919646318,1.8948605040223365,28.204492080355177,28.204492080355177
x2,1000.0,0.33015168549193175,8.107724876209655,-24.42852601608171,-4.92789563141831,0.2642589504006567,5.366696368847178,75.05063585775665,75.05063585775665
x3,1000.0,0.03291737707801518,1.9296156291094424,-6.21579799973884,-1.2015522398965104,0.049879971801415054,1.2273630609246793,17.75374279975988,17.75374279975988
